datetime,Kp,storm
2022-02-01 00:00:00+00:00,1.667,False
2022-02-01 03:00:00+00:00,1.667,False
2022-02-01 06:00:00+00:00,0.667,False
2022-02-01 09:00:00+00:00,0.667,False
2022-02-01 12:00:00+00:00,1.333,False
2022-02-01 15:00:00+00:00,0.667,False
2022-02-01 18:00:00+00:00,0.333,False
2022-02-01 21:00:00+00:00,3.333,False
2022-02-02 00:00:00+00:00,4.0,False
2022-02-02 03:00:00+00:00,2.667,False
2022-02-02 06:00:00+00:00,0.667,False
2022-02-02 09:00:00+00:00,0.333,False
2022-02-02 12:00:00+00:00,1.667,False
2022-02-02 15:00:00+00:00,3.667,False
2022-02-02 18:00:00+00:00,1.667,False
2022-02-02 21:00:00+00:00,1.333,False
2022-02-03 00:00:00+00:00,2.0,False
2022-02-03 03:00:00+00:00,4.333,False
2022-02-03 06:00:00+00:00,5.0,True
2022-02-03 09:00:00+00:00,5.333,True
2022-02-03 12:00:00+00:00,4.0,False
2022-02-03 15:00:00+00:00,3.0,False
2022-02-03 18:00:00+00:00,3.0,False
2022-02-03 21:00:00+00:00,2.667,False
2022-02-04 00:00:00+00:00,4.0,False
2022-02-04 03:00:00+00:00,4.0,False
2022-02-04 06:00:00+00:00,3.667,False
2022-02-04 09:00:00+00:00,3.667,False
2022-02-04 12:00:00+00:00,4.0,False
2022-02-04 15:00:00+00:00,5.333,True
2022-02-04 18:00:00+00:00,5.0,True
2022-02-04 21:00:00+00:00,4.0,False
2022-02-05 00:00:00+00:00,2.667,False
2022-02-05 03:00:00+00:00,3.0,False
2022-02-05 06:00:00+00:00,2.0,False
2022-02-05 09:00:00+00:00,2.333,False
2022-02-05 12:00:00+00:00,3.0,False
2022-02-05 15:00:00+00:00,2.667,False
2022-02-05 18:00:00+00:00,2.667,False
2022-02-05 21:00:00+00:00,1.667,False
2022-02-06 00:00:00+00:00,3.667,False
2022-02-06 03:00:00+00:00,3.0,False
2022-02-06 06:00:00+00:00,2.667,False
2022-02-06 09:00:00+00:00,3.0,False
2022-02-06 12:00:00+00:00,3.0,False
2022-02-06 15:00:00+00:00,1.667,False
2022-02-06 18:00:00+00:00,2.667,False
2022-02-06 21:00:00+00:00,2.667,False
2022-02-07 00:00:00+00:00,2.333,False
2022-02-07 03:00:00+00:00,1.333,False
2022-02-07 06:00:00+00:00,1.0,False
2022-02-07 09:00:00+00:00,1.667,False
2022-02-07 12:00:00+00:00,1.0,False
2022-02-07 15:00:00+00:00,2.333,False
2022-02-07 18:00:00+00:00,1.333,False
2022-02-07 21:00:00+00:00,2.0,False
2022-02-08 00:00:00+00:00,1.333,False
2022-02-08 03:00:00+00:00,0.333,False
2022-02-08 06:00:00+00:00,0.667,False
2022-02-08 09:00:00+00:00,0.667,False
2022-02-08 12:00:00+00:00,1.0,False
2022-02-08 15:00:00+00:00,1.333,False
2022-02-08 18:00:00+00:00,2.0,False
2022-02-08 21:00:00+00:00,1.0,False
2022-02-09 00:00:00+00:00,0.333,False
2022-02-09 03:00:00+00:00,0.0,False
2022-02-09 06:00:00+00:00,0.0,False
2022-02-09 09:00:00+00:00,0.333,False
2022-02-09 12:00:00+00:00,0.333,False
2022-02-09 15:00:00+00:00,0.0,False
2022-02-09 18:00:00+00:00,0.0,False
2022-02-09 21:00:00+00:00,2.0,False
2022-02-10 00:00:00+00:00,2.667,False
2022-02-10 03:00:00+00:00,2.667,False
2022-02-10 06:00:00+00:00,2.0,False
2022-02-10 09:00:00+00:00,2.0,False
2022-02-10 12:00:00+00:00,2.667,False
2022-02-10 15:00:00+00:00,4.667,False
2022-02-10 18:00:00+00:00,5.0,True
2022-02-10 21:00:00+00:00,4.333,False
2022-02-11 00:00:00+00:00,4.0,False
2022-02-11 03:00:00+00:00,3.0,False
2022-02-11 06:00:00+00:00,2.0,False
2022-02-11 09:00:00+00:00,4.0,False
2022-02-11 12:00:00+00:00,1.333,False
2022-02-11 15:00:00+00:00,2.667,False
2022-02-11 18:00:00+00:00,4.333,False
2022-02-11 21:00:00+00:00,4.0,False
2022-02-12 00:00:00+00:00,3.333,False
2022-02-12 03:00:00+00:00,3.0,False
2022-02-12 06:00:00+00:00,2.333,False
2022-02-12 09:00:00+00:00,1.667,False
2022-02-12 12:00:00+00:00,2.667,False
2022-02-12 15:00:00+00:00,2.667,False
2022-02-12 18:00:00+00:00,3.333,False
2022-02-12 21:00:00+00:00,3.0,False
2022-02-13 00:00:00+00:00,3.667,False
2022-02-13 03:00:00+00:00,3.0,False
2022-02-13 06:00:00+00:00,2.333,False
2022-02-13 09:00:00+00:00,2.667,False
2022-02-13 12:00:00+00:00,3.0,False
2022-02-13 15:00:00+00:00,3.333,False
2022-02-13 18:00:00+00:00,2.333,False
2022-02-13 21:00:00+00:00,3.0,False
2022-02-14 00:00:00+00:00,2.667,False
2022-02-14 03:00:00+00:00,1.667,False
2022-02-14 06:00:00+00:00,2.333,False
2022-02-14 09:00:00+00:00,1.667,False
2022-02-14 12:00:00+00:00,1.333,False
2022-02-14 15:00:00+00:00,2.0,False
2022-02-14 18:00:00+00:00,1.333,False
2022-02-14 21:00:00+00:00,0.667,False
2022-02-15 00:00:00+00:00,2.0,False
2022-02-15 03:00:00+00:00,2.0,False
2022-02-15 06:00:00+00:00,0.667,False
2022-02-15 09:00:00+00:00,0.667,False
2022-02-15 12:00:00+00:00,0.667,False
2022-02-15 15:00:00+00:00,0.667,False
2022-02-15 18:00:00+00:00,0.333,False
2022-02-15 21:00:00+00:00,0.333,False
