date,daily_max_kp,storm_day
2022-02-01 00:00:00+00:00,3.333,False
2022-02-02 00:00:00+00:00,4.0,False
2022-02-03 00:00:00+00:00,5.333,True
2022-02-04 00:00:00+00:00,5.333,True
2022-02-05 00:00:00+00:00,3.0,False
2022-02-06 00:00:00+00:00,3.667,False
2022-02-07 00:00:00+00:00,2.333,False
2022-02-08 00:00:00+00:00,2.0,False
2022-02-09 00:00:00+00:00,2.0,False
2022-02-10 00:00:00+00:00,5.0,True
2022-02-11 00:00:00+00:00,4.333,False
2022-02-12 00:00:00+00:00,3.333,False
2022-02-13 00:00:00+00:00,3.667,False
2022-02-14 00:00:00+00:00,2.667,False
2022-02-15 00:00:00+00:00,2.0,False
