norad_id,object_id,date,daily_median_altitude_km,time_difference_days,altitude_change_km,altitude_change_rate_km_day,orbital_decay_km_day
51456,2022-010A,2022-02-05 00:00:00+00:00,232.3170864040494,,,,
51456,2022-010A,2022-02-06 00:00:00+00:00,189.470719979945,1.0,-42.84636642410442,-42.84636642410442,42.84636642410442
51457,2022-010B,2022-02-05 00:00:00+00:00,253.1415334914982,,,,
51457,2022-010B,2022-02-06 00:00:00+00:00,276.60876425796414,1.0,23.467230766465946,23.467230766465946,-23.467230766465946
51458,2022-010C,2022-02-05 00:00:00+00:00,247.51225377265428,,,,
51458,2022-010C,2022-02-06 00:00:00+00:00,277.48753373569616,1.0,29.975279963041885,29.975279963041885,-29.975279963041885
51459,2022-010D,2022-02-05 00:00:00+00:00,249.60217260712216,,,,
51459,2022-010D,2022-02-06 00:00:00+00:00,258.72243195231704,1.0,9.120259345194881,9.120259345194881,-9.120259345194881
51460,2022-010E,2022-02-08 00:00:00+00:00,280.3290940988004,,,,
51460,2022-010E,2022-02-09 00:00:00+00:00,283.462244094821,1.0,3.13314999602062,3.13314999602062,-3.13314999602062
51460,2022-010E,2022-02-10 00:00:00+00:00,289.4018697423844,1.0,5.939625647563389,5.939625647563389,-5.939625647563389
51460,2022-010E,2022-02-11 00:00:00+00:00,293.88332272335265,1.0,4.481452980968243,4.481452980968243,-4.481452980968243
51460,2022-010E,2022-02-12 00:00:00+00:00,299.92694859818675,1.0,6.043625874834106,6.043625874834106,-6.043625874834106
51460,2022-010E,2022-02-13 00:00:00+00:00,304.9547926863884,1.0,5.027844088201618,5.027844088201618,-5.027844088201618
51460,2022-010E,2022-02-14 00:00:00+00:00,310.4652625101626,1.0,5.510469823774201,5.510469823774201,-5.510469823774201
51461,2022-010F,2022-02-08 00:00:00+00:00,284.46115382369544,,,,
51461,2022-010F,2022-02-09 00:00:00+00:00,287.2241517627176,1.0,2.7629979390221706,2.7629979390221706,-2.7629979390221706
51461,2022-010F,2022-02-10 00:00:00+00:00,293.52891880960306,1.0,6.304767046885445,6.304767046885445,-6.304767046885445
51461,2022-010F,2022-02-11 00:00:00+00:00,298.0929581277833,1.0,4.564039318180221,4.564039318180221,-4.564039318180221
51461,2022-010F,2022-02-12 00:00:00+00:00,304.05477792178317,1.0,5.961819793999894,5.961819793999894,-5.961819793999894
51461,2022-010F,2022-02-13 00:00:00+00:00,309.1078120414818,1.0,5.053034119698623,5.053034119698623,-5.053034119698623
51461,2022-010F,2022-02-14 00:00:00+00:00,315.3092326569122,1.0,6.201420615430379,6.201420615430379,-6.201420615430379
51462,2022-010G,2022-02-08 00:00:00+00:00,284.47554767888823,,,,
51462,2022-010G,2022-02-09 00:00:00+00:00,287.22452360589386,1.0,2.748975927005631,2.748975927005631,-2.748975927005631
51462,2022-010G,2022-02-10 00:00:00+00:00,293.5460915194044,1.0,6.321567913510535,6.321567913510535,-6.321567913510535
51462,2022-010G,2022-02-11 00:00:00+00:00,298.0164156052924,1.0,4.4703240858880235,4.4703240858880235,-4.4703240858880235
51462,2022-010G,2022-02-12 00:00:00+00:00,301.74074199500683,1.0,3.724326389714406,3.724326389714406,-3.724326389714406
51462,2022-010G,2022-02-13 00:00:00+00:00,309.12527605247897,1.0,7.384534057472138,7.384534057472138,-7.384534057472138
51462,2022-010G,2022-02-14 00:00:00+00:00,315.3272916726346,1.0,6.202015620155635,6.202015620155635,-6.202015620155635
51463,2022-010H,2022-02-08 00:00:00+00:00,280.3894876163545,,,,
51463,2022-010H,2022-02-09 00:00:00+00:00,283.51718411906904,1.0,3.1276965027145707,3.1276965027145707,-3.1276965027145707
51463,2022-010H,2022-02-10 00:00:00+00:00,289.46800476024237,1.0,5.950820641173323,5.950820641173323,-5.950820641173323
51463,2022-010H,2022-02-11 00:00:00+00:00,294.0252409953355,1.0,4.557236235093114,4.557236235093114,-4.557236235093114
51463,2022-010H,2022-02-12 00:00:00+00:00,299.99483378529567,1.0,5.969592789960188,5.969592789960188,-5.969592789960188
51463,2022-010H,2022-02-13 00:00:00+00:00,305.0225940660557,1.0,5.027760280760049,5.027760280760049,-5.027760280760049
51463,2022-010H,2022-02-14 00:00:00+00:00,311.18788703210384,1.0,6.165292966048128,6.165292966048128,-6.165292966048128
51464,2022-010J,2022-02-08 00:00:00+00:00,284.4262521997143,,,,
51464,2022-010J,2022-02-09 00:00:00+00:00,287.2105149989088,1.0,2.7842627991944937,2.7842627991944937,-2.7842627991944937
51464,2022-010J,2022-02-10 00:00:00+00:00,293.4981416592045,1.0,6.2876266602957,6.2876266602957,-6.2876266602957
51464,2022-010J,2022-02-11 00:00:00+00:00,298.04231453036937,1.0,4.544172871164847,4.544172871164847,-4.544172871164847
51464,2022-010J,2022-02-12 00:00:00+00:00,304.0241763367285,1.0,5.98186180635912,5.98186180635912,-5.98186180635912
51464,2022-010J,2022-02-13 00:00:00+00:00,309.07666115929123,1.0,5.052484822562747,5.052484822562747,-5.052484822562747
51464,2022-010J,2022-02-14 00:00:00+00:00,315.27701033118046,1.0,6.200349171889229,6.200349171889229,-6.200349171889229
51465,2022-010K,2022-02-08 00:00:00+00:00,284.4384301137752,,,,
51465,2022-010K,2022-02-09 00:00:00+00:00,287.16109110682964,1.0,2.7226609930544328,2.7226609930544328,-2.7226609930544328
51465,2022-010K,2022-02-10 00:00:00+00:00,293.51176016945556,1.0,6.3506690626259115,6.3506690626259115,-6.3506690626259115
51465,2022-010K,2022-02-11 00:00:00+00:00,298.6342577521996,1.0,5.122497582744018,5.122497582744018,-5.122497582744018
51465,2022-010K,2022-02-12 00:00:00+00:00,304.0377617379572,1.0,5.403503985757652,5.403503985757652,-5.403503985757652
51465,2022-010K,2022-02-13 00:00:00+00:00,309.0893542772633,1.0,5.051592539306057,5.051592539306057,-5.051592539306057
51465,2022-010K,2022-02-14 00:00:00+00:00,315.29051824654016,1.0,6.201163969276877,6.201163969276877,-6.201163969276877
51466,2022-010L,2022-02-07 00:00:00+00:00,251.32024042857392,,,,
51466,2022-010L,2022-02-08 00:00:00+00:00,214.2146266519153,1.0,-37.10561377665863,-37.10561377665863,37.10561377665863
51467,2022-010M,2022-02-08 00:00:00+00:00,280.51236398725905,,,,
51467,2022-010M,2022-02-09 00:00:00+00:00,283.5018563312051,1.0,2.98949234394604,2.98949234394604,-2.98949234394604
51467,2022-010M,2022-02-10 00:00:00+00:00,289.47466434776106,1.0,5.972808016555973,5.972808016555973,-5.972808016555973
51467,2022-010M,2022-02-11 00:00:00+00:00,295.17392440592175,1.0,5.699260058160689,5.699260058160689,-5.699260058160689
51467,2022-010M,2022-02-12 00:00:00+00:00,300.87301519348875,1.0,5.699090787567002,5.699090787567002,-5.699090787567002
51467,2022-010M,2022-02-13 00:00:00+00:00,305.02877915431463,1.0,4.15576396082588,4.15576396082588,-4.15576396082588
51467,2022-010M,2022-02-14 00:00:00+00:00,311.19698828930314,1.0,6.168209134988501,6.168209134988501,-6.168209134988501
51468,2022-010N,2022-02-08 00:00:00+00:00,280.35222610688106,,,,
51468,2022-010N,2022-02-09 00:00:00+00:00,283.4550497974992,1.0,3.102823690618152,3.102823690618152,-3.102823690618152
51468,2022-010N,2022-02-10 00:00:00+00:00,289.41479834736674,1.0,5.959748549867527,5.959748549867527,-5.959748549867527
51468,2022-010N,2022-02-11 00:00:00+00:00,294.6744754379679,1.0,5.259677090601144,5.259677090601144,-5.259677090601144
51468,2022-010N,2022-02-12 00:00:00+00:00,300.8121808601463,1.0,6.137705422178442,6.137705422178442,-6.137705422178442
51468,2022-010N,2022-02-13 00:00:00+00:00,304.9678204979173,1.0,4.155639637770946,4.155639637770946,-4.155639637770946
51468,2022-010N,2022-02-14 00:00:00+00:00,311.1376445933265,1.0,6.16982409540924,6.16982409540924,-6.16982409540924
51469,2022-010P,2022-02-08 00:00:00+00:00,284.4413457128685,,,,
51469,2022-010P,2022-02-09 00:00:00+00:00,286.99429796746654,1.0,2.55295225459804,2.55295225459804,-2.55295225459804
51469,2022-010P,2022-02-10 00:00:00+00:00,293.51639181885184,1.0,6.522093851385307,6.522093851385307,-6.522093851385307
51469,2022-010P,2022-02-11 00:00:00+00:00,298.7782694541602,1.0,5.261877635308338,5.261877635308338,-5.261877635308338
51469,2022-010P,2022-02-12 00:00:00+00:00,304.93294654355395,1.0,6.154677089393772,6.154677089393772,-6.154677089393772
51469,2022-010P,2022-02-13 00:00:00+00:00,309.0953873382732,1.0,4.162440794719259,4.162440794719259,-4.162440794719259
51469,2022-010P,2022-02-14 00:00:00+00:00,315.29858173998036,1.0,6.203194401707151,6.203194401707151,-6.203194401707151
51470,2022-010Q,2022-02-08 00:00:00+00:00,220.0217400511683,,,,
51470,2022-010Q,2022-02-09 00:00:00+00:00,212.07586321625513,1.0,-7.945876834913179,-7.945876834913179,7.945876834913179
51470,2022-010Q,2022-02-10 00:00:00+00:00,200.6243538947001,1.0,-11.451509321555022,-11.451509321555022,11.451509321555022
51470,2022-010Q,2022-02-11 00:00:00+00:00,188.17375789790094,1.0,-12.450595996799166,-12.450595996799166,12.450595996799166
51470,2022-010Q,2022-02-12 00:00:00+00:00,167.72346872123217,1.0,-20.450289176668775,-20.450289176668775,20.450289176668775
51471,2022-010R,2022-02-08 00:00:00+00:00,258.6510864488573,,,,
51471,2022-010R,2022-02-09 00:00:00+00:00,261.4134849123611,1.0,2.762398463503814,2.762398463503814,-2.762398463503814
51471,2022-010R,2022-02-10 00:00:00+00:00,266.44816202416405,1.0,5.034677111802921,5.034677111802921,-5.034677111802921
51471,2022-010R,2022-02-11 00:00:00+00:00,271.03235864069575,1.0,4.584196616531699,4.584196616531699,-4.584196616531699
51471,2022-010R,2022-02-12 00:00:00+00:00,276.39971523054146,1.0,5.367356589845713,5.367356589845713,-5.367356589845713
51471,2022-010R,2022-02-13 00:00:00+00:00,279.4762190508209,1.0,3.076503820279413,3.076503820279413,-3.076503820279413
51472,2022-010S,2022-02-08 00:00:00+00:00,280.3586426024135,,,,
51472,2022-010S,2022-02-09 00:00:00+00:00,283.4834079477737,1.0,3.1247653453601743,3.1247653453601743,-3.1247653453601743
51472,2022-010S,2022-02-10 00:00:00+00:00,289.4310219118843,1.0,5.947613964110587,5.947613964110587,-5.947613964110587
51472,2022-010S,2022-02-11 00:00:00+00:00,293.88347629536656,1.0,4.452454383482291,4.452454383482291,-4.452454383482291
51472,2022-010S,2022-02-12 00:00:00+00:00,301.699894996138,1.0,7.8164187007714645,7.8164187007714645,-7.8164187007714645
51472,2022-010S,2022-02-13 00:00:00+00:00,304.9854862267275,1.0,3.285591230589489,3.285591230589489,-3.285591230589489
51472,2022-010S,2022-02-14 00:00:00+00:00,311.15576492667196,1.0,6.170278699944447,6.170278699944447,-6.170278699944447
