norad_id,object_id,object_name,epoch,mean_motion_rev_day,eccentricity,inclination_deg,semi_major_axis_km,altitude_km
51456,2022-010A,TBA - TO BE ASSIGNED,2022-02-05 19:00:34.470432+00:00,16.15309779,0.0055416,53.2164,6610.454086404049,232.3170864040494
51456,2022-010A,TBA - TO BE ASSIGNED,2022-02-06 00:00:00.999648+00:00,16.22487318,0.0036672,53.2048,6590.944188292936,212.8071882929362
51456,2022-010A,TBA - TO BE ASSIGNED,2022-02-06 00:58:36.174144+00:00,16.2194742,0.0042849,53.2328,6592.406726537342,214.26972653734265
51456,2022-010A,TBA - TO BE ASSIGNED,2022-02-06 10:07:12.397728+00:00,16.29836613,0.0030572,53.2207,6571.115914515807,192.97891451580745
51456,2022-010A,TBA - TO BE ASSIGNED,2022-02-06 10:16:30.432000+00:00,16.31142693,0.003133,53.203,6567.607719979945,189.470719979945
51456,2022-010A,TBA - TO BE ASSIGNED,2022-02-06 11:16:54.879168+00:00,16.34124365,0.0029574,53.1995,6559.616320051221,181.4793200512213
51456,2022-010A,STARLINK-3XXX,2022-02-06 12:44:50.750016+00:00,16.3832107,0.002261,53.2117,6548.4095053783,170.2725053783006
51456,2022-010A,STARLINK-3XXX,2022-02-06 14:12:31.349664+00:00,16.44545333,0.0015581,53.2082,6531.876150632475,153.73915063247568
51457,2022-010B,TBA - TO BE ASSIGNED,2022-02-05 19:02:34.022112+00:00,16.07706831,0.008504,53.1945,6631.278533491498,253.1415334914982
51457,2022-010B,TBA - TO BE ASSIGNED,2022-02-05 19:02:39.417792+00:00,16.07995299,0.0076126,53.1898,6630.485426340606,252.34842634060624
51457,2022-010B,TBA - TO BE ASSIGNED,2022-02-05 19:10:10.891488+00:00,16.07399436,0.0085756,53.1949,6632.123939163224,253.98693916322463
51457,2022-010B,STARLINK-3XXX,2022-02-06 00:00:00.999648+00:00,15.9921023,0.0078778,53.2173,6654.745764257964,276.60876425796414
51458,2022-010C,TBA - TO BE ASSIGNED,2022-02-05 16:10:42.251232+00:00,16.03916736,0.0083547,53.2138,6641.721007237032,263.584007237032
51458,2022-010C,TBA - TO BE ASSIGNED,2022-02-05 19:09:11.861280+00:00,16.15631132,0.0059653,53.2186,6609.577500308276,231.44050030827657
51458,2022-010C,STARLINK-3XXX,2022-02-06 00:00:00.999648+00:00,15.98893515,0.0079772,53.2173,6655.624533735696,277.48753373569616
51459,2022-010D,TBA - TO BE ASSIGNED,2022-02-05 17:36:27.058464+00:00,16.0899483,0.0079105,53.223,6627.739172607122,249.60217260712216
51459,2022-010D,TBA - TO BE ASSIGNED,2022-02-06 00:00:00.999648+00:00,15.98806734,0.0078922,53.2173,6655.865370236005,277.7283702360055
51459,2022-010D,STARLINK-3XXX,2022-02-06 05:31:13.713312+00:00,16.12601425,0.0071354,53.223,6617.853493668628,239.71649366862857
51460,2022-010E,TBA - TO BE ASSIGNED,2022-02-08 18:00:00.999648+00:00,15.98078309,0.0053662,53.2172,6657.887770289846,279.7507702898465
51460,2022-010E,TBA - TO BE ASSIGNED,2022-02-08 22:00:01.999584+00:00,15.97661958,0.0050911,53.2168,6659.044417907754,280.9074179077543
51460,2022-010E,TBA - TO BE ASSIGNED,2022-02-09 06:00:00.999648+00:00,15.97139179,0.0048458,53.2176,6660.497440387937,282.36044038793716
51460,2022-010E,STARLINK-3167,2022-02-09 11:35:47.003424+00:00,15.9699031,0.005068,53.2158,6660.911354896533,282.7743548965336
51460,2022-010E,TBA - TO BE ASSIGNED,2022-02-09 14:00:01.000224+00:00,15.96495662,0.0044582,53.2176,6662.287133293108,284.1501332931084
51460,2022-010E,STARLINK-3167,2022-02-09 20:00:01.000224+00:00,15.96025432,0.0042606,53.2171,6663.5956560780205,285.4586560780208
51460,2022-010E,STARLINK-3167,2022-02-10 06:00:00.999648+00:00,15.95255194,0.0038165,53.2174,6665.740408705744,287.6034087057442
51460,2022-010E,STARLINK-3167,2022-02-10 14:00:01.999872+00:00,15.94609796,0.0034775,53.2174,6667.538869742384,289.4018697423844
51460,2022-010E,STARLINK-3167,2022-02-10 14:00:01.999872+00:00,15.94609796,0.0034775,53.2174,6667.538869742384,289.4018697423844
51460,2022-010E,STARLINK-3167,2022-02-10 17:39:47.388096+00:00,15.94474531,0.0036443,53.2157,6667.915951920651,289.7789519206517
51460,2022-010E,STARLINK-3167,2022-02-10 22:00:00.999936+00:00,15.94003458,0.0032088,53.2174,6669.229592098384,291.09259209838456
51460,2022-010E,STARLINK-3167,2022-02-11 05:41:56.062752+00:00,15.94471269,0.0033271,53.2159,6667.925046151381,289.7880461513814
51460,2022-010E,STARLINK-3167,2022-02-11 13:13:49.460160+00:00,15.93003468,0.0026916,53.216,6672.020322723352,293.88332272335265
51460,2022-010E,STARLINK-3167,2022-02-11 13:13:49.460160+00:00,15.93003468,0.0026916,53.216,6672.020322723352,293.88332272335265
51460,2022-010E,STARLINK-3167,2022-02-11 22:00:01.999584+00:00,15.9211067,0.0022737,53.2174,6674.514374561951,296.377374561951
51460,2022-010E,STARLINK-3167,2022-02-12 05:48:07.195680+00:00,15.92064039,0.0023967,53.2161,6674.644703389957,296.507703389957
51460,2022-010E,STARLINK-3167,2022-02-12 14:00:01.000224+00:00,15.90841463,0.0016262,53.2176,6678.0639485981865,299.92694859818675
51460,2022-010E,STARLINK-3167,2022-02-12 14:00:01.000224+00:00,15.90841463,0.0016262,53.2176,6678.0639485981865,299.92694859818675
51460,2022-010E,STARLINK-3167,2022-02-12 22:00:00.999936+00:00,15.9021863,0.0014274,53.2173,6679.807544127404,301.67054412740436
51460,2022-010E,STARLINK-3167,2022-02-12 22:00:00.999936+00:00,15.9021863,0.0014274,53.2173,6679.807544127404,301.67054412740436
51460,2022-010E,STARLINK-3167,2022-02-13 12:00:00.999648+00:00,15.89132701,0.0010277,53.2174,6682.8502817706085,304.7132817706088
51460,2022-010E,STARLINK-3167,2022-02-13 14:00:01.000224+00:00,15.88960428,0.0009857,53.2176,6683.333303602168,305.196303602168
51460,2022-010E,STARLINK-3167,2022-02-14 06:00:00.999648+00:00,15.87584282,0.0006281,53.2173,6687.194899817408,309.0578998174087
51460,2022-010E,STARLINK-3167,2022-02-14 12:00:02.000160+00:00,15.87223277,0.0004768,53.2174,6688.208837942934,310.0718379429345
51460,2022-010E,STARLINK-3167,2022-02-14 14:00:01.000224+00:00,15.87083238,0.0004408,53.2175,6688.602262510162,310.4652625101626
51460,2022-010E,STARLINK-3167,2022-02-14 20:00:01.000224+00:00,15.86615139,0.0004754,53.2173,6689.917756532952,311.7807565329522
51460,2022-010E,STARLINK-3167,2022-02-14 20:00:01.000224+00:00,15.86615139,0.0004754,53.2173,6689.917756532952,311.7807565329522
51461,2022-010F,TBA - TO BE ASSIGNED,2022-02-08 18:00:00.999648+00:00,15.96603077,0.0049637,53.2173,6661.988316550141,283.85131655014084
51461,2022-010F,TBA - TO BE ASSIGNED,2022-02-08 22:00:01.999584+00:00,15.96164719,0.0047025,53.2168,6663.20799109725,285.07099109725004
51461,2022-010F,TBA - TO BE ASSIGNED,2022-02-09 06:00:00.999648+00:00,15.95664026,0.0044657,53.2175,6664.601787908882,286.4647879088825
51461,2022-010F,STARLINK-3181,2022-02-09 11:41:11.774112+00:00,15.95501081,0.0047416,53.2163,6665.05554088868,286.9185408886806
51461,2022-010F,TBA - TO BE ASSIGNED,2022-02-09 13:11:25.713888+00:00,15.95281632,0.0045699,53.2164,6665.666762636754,287.52976263675464
51461,2022-010F,STARLINK-3181,2022-02-09 20:00:01.000224+00:00,15.94545028,0.0038958,53.2171,6667.719418729302,289.58241872930193
51461,2022-010F,STARLINK-3181,2022-02-10 06:00:00.999648+00:00,15.93779745,0.0034774,53.2174,6669.853667648901,291.7166676489014
51461,2022-010F,STARLINK-3181,2022-02-10 14:00:01.999872+00:00,15.93130402,0.0031247,53.2174,6671.665918809603,293.52891880960306
51461,2022-010F,STARLINK-3181,2022-02-10 14:00:01.999872+00:00,15.93130402,0.0031247,53.2174,6671.665918809603,293.52891880960306
51461,2022-010F,STARLINK-3181,2022-02-10 17:46:54.000192+00:00,15.92944795,0.0031924,53.2167,6672.184155580379,294.0471555803797
51461,2022-010F,STARLINK-3181,2022-02-10 22:00:00.999936+00:00,15.92516183,0.0029193,53.2175,6673.3812757772885,295.24427577728875
51461,2022-010F,STARLINK-3181,2022-02-11 05:49:42.046464+00:00,15.92893668,0.0030846,53.217,6672.326925911439,294.1899259114389
51461,2022-010F,STARLINK-3181,2022-02-11 13:22:00.868800+00:00,15.91497025,0.0027191,53.2169,6676.229958127783,298.0929581277833
51461,2022-010F,STARLINK-3181,2022-02-11 13:22:00.868800+00:00,15.91497025,0.0027191,53.2169,6676.229958127783,298.0929581277833
51461,2022-010F,STARLINK-3181,2022-02-11 22:00:01.999584+00:00,15.90623124,0.0019682,53.2173,6678.675050175054,300.5380501750542
51461,2022-010F,STARLINK-3181,2022-02-12 05:57:15.326784+00:00,15.90355485,0.0020136,53.2167,6679.424326588223,301.28732658822355
51461,2022-010F,STARLINK-3181,2022-02-12 14:00:01.000224+00:00,15.89367611,0.0013941,53.2176,6682.191777921783,304.05477792178317
51461,2022-010F,STARLINK-3181,2022-02-12 14:00:01.000224+00:00,15.89367611,0.0013941,53.2176,6682.191777921783,304.05477792178317
51461,2022-010F,STARLINK-3181,2022-02-12 22:00:00.999936+00:00,15.8873263,0.0011931,53.2173,6683.97214135712,305.83514135711994
51461,2022-010F,STARLINK-3181,2022-02-12 22:00:00.999936+00:00,15.8873263,0.0011931,53.2173,6683.97214135712,305.83514135711994
51461,2022-010F,STARLINK-3181,2022-02-13 12:00:00.999648+00:00,15.87643014,0.0008971,53.2172,6687.029978295816,308.89297829581665
51461,2022-010F,STARLINK-3181,2022-02-13 14:00:01.000224+00:00,15.87490008,0.0008615,53.2174,6687.459645787147,309.32264578714694
51461,2022-010F,STARLINK-3181,2022-02-14 06:00:00.999648+00:00,15.86160762,0.0004124,53.2176,6691.19530658651,313.0583065865103
51461,2022-010F,STARLINK-3181,2022-02-14 14:00:01.000224+00:00,15.85598152,0.0001642,53.2176,6692.778015629842,314.6410156298425
51461,2022-010F,STARLINK-3181,2022-02-14 20:00:01.000224+00:00,15.85123345,2.01e-05,53.2172,6694.114449683982,315.97744968398183
51461,2022-010F,STARLINK-3181,2022-02-14 20:00:01.000224+00:00,15.85123345,2.01e-05,53.2172,6694.114449683982,315.97744968398183
51462,2022-010G,TBA - TO BE ASSIGNED,2022-02-08 18:00:00.999648+00:00,15.96596675,0.0049384,53.2172,6662.006125272643,283.86912527264303
51462,2022-010G,TBA - TO BE ASSIGNED,2022-02-08 22:00:01.999584+00:00,15.96160774,0.0046837,53.2167,6663.218970085133,285.08197008513343
51462,2022-010G,TBA - TO BE ASSIGNED,2022-02-09 06:00:00.999648+00:00,15.95657159,0.0044377,53.2175,6664.620908886674,286.4839088866747
51462,2022-010G,STARLINK-3166,2022-02-09 11:40:58.429632+00:00,15.95491884,0.0046922,53.2159,6665.0811540794175,286.9441540794178
51462,2022-010G,TBA - TO BE ASSIGNED,2022-02-09 13:11:12.326208+00:00,15.9529056,0.0045432,53.2155,6665.64189313237,287.50489313236994
51462,2022-010G,STARLINK-3166,2022-02-09 20:00:01.000224+00:00,15.9453894,0.0038739,53.2171,6667.736390427293,289.59939042729366
51462,2022-010G,STARLINK-3166,2022-02-10 06:00:00.999648+00:00,15.93773811,0.0034529,53.2173,6669.8702232759,291.73322327589995
51462,2022-010G,STARLINK-3166,2022-02-10 14:00:01.999872+00:00,15.93124251,0.0031037,53.2174,6671.683091519404,293.5460915194044
51462,2022-010G,STARLINK-3166,2022-02-10 14:00:01.999872+00:00,15.93124251,0.0031037,53.2174,6671.683091519404,293.5460915194044
51462,2022-010G,STARLINK-3166,2022-02-10 17:46:40.493280+00:00,15.92992663,0.0032478,53.2159,6672.050492813382,293.9134928133826
51462,2022-010G,STARLINK-3166,2022-02-10 22:00:00.999936+00:00,15.92510242,0.0028985,53.2175,6673.397872858827,295.2608728588275
51462,2022-010G,STARLINK-3166,2022-02-11 06:00:00.999648+00:00,15.91889513,0.0026531,53.2176,6675.132542002503,296.9955420025035
51462,2022-010G,STARLINK-3166,2022-02-11 13:21:49.498560+00:00,15.91524395,0.0023755,53.2162,6676.153415605292,298.0164156052924
51462,2022-010G,STARLINK-3166,2022-02-11 13:21:49.498560+00:00,15.91524395,0.0023755,53.2162,6676.153415605292,298.0164156052924
51462,2022-010G,STARLINK-3166,2022-02-11 22:00:01.999584+00:00,15.90617172,0.0019468,53.2173,6678.691710982278,300.55471098227827
51462,2022-010G,STARLINK-3166,2022-02-12 05:57:02.866176+00:00,15.90229918,0.0019077,53.2161,6679.775933705996,301.63893370599635
51462,2022-010G,STARLINK-3166,2022-02-12 13:29:35.953152+00:00,15.90193563,0.0018481,53.2166,6679.8777419950065,301.74074199500683
51462,2022-010G,STARLINK-3166,2022-02-12 13:29:35.953152+00:00,15.90193563,0.0018481,53.2166,6679.8777419950065,301.74074199500683
51462,2022-010G,STARLINK-3166,2022-02-12 22:00:00.999936+00:00,15.88726643,0.0011779,53.2173,6683.988933386239,305.8519333862396
51462,2022-010G,STARLINK-3166,2022-02-12 22:00:00.999936+00:00,15.88726643,0.0011779,53.2173,6683.988933386239,305.8519333862396
51462,2022-010G,STARLINK-3166,2022-02-13 12:00:00.999648+00:00,15.87636435,0.000885,53.2172,6687.048451853479,308.91145185347887
51462,2022-010G,STARLINK-3166,2022-02-13 14:00:01.000224+00:00,15.87484149,0.0008497,53.2174,6687.476100251479,309.33910025147907
51462,2022-010G,STARLINK-3166,2022-02-14 06:00:00.999648+00:00,15.86173795,0.0003499,53.2174,6691.158653827892,313.0216538278919
51462,2022-010G,STARLINK-3166,2022-02-14 14:00:01.000224+00:00,15.85591607,0.0001145,53.2176,6692.7964332357315,314.65943323573174
51462,2022-010G,STARLINK-3166,2022-02-14 20:00:01.000224+00:00,15.85117058,3.74e-05,53.2172,6694.132150109537,315.99515010953746
51462,2022-010G,STARLINK-3166,2022-02-14 20:00:01.000224+00:00,15.85117058,3.74e-05,53.2172,6694.132150109537,315.99515010953746
51463,2022-010H,TBA - TO BE ASSIGNED,2022-02-08 18:00:00.999648+00:00,15.9805294,0.005256,53.2172,6657.958232497836,279.8212324978367
51463,2022-010H,TBA - TO BE ASSIGNED,2022-02-08 22:00:01.999584+00:00,15.97643847,0.0050093,53.2167,6659.094742734872,280.9577427348722
51463,2022-010H,TBA - TO BE ASSIGNED,2022-02-09 06:00:00.999648+00:00,15.97114348,0.0047676,53.2176,6660.566475888786,282.4294758887863
51463,2022-010H,STARLINK-3419,2022-02-09 11:35:02.428800+00:00,15.96974239,0.0050148,53.2153,6660.956042458059,282.8190424580589
51463,2022-010H,TBA - TO BE ASSIGNED,2022-02-09 14:00:01.000224+00:00,15.96472229,0.0043871,53.2176,6662.352325780079,284.2153257800792
51463,2022-010H,STARLINK-3419,2022-02-09 20:00:01.000224+00:00,15.96001549,0.0041648,53.2171,6663.662133147227,285.5251331472273
51463,2022-010H,STARLINK-3419,2022-02-10 06:00:00.999648+00:00,15.95230526,0.003748,53.2174,6665.80912607206,287.67212607206056
51463,2022-010H,STARLINK-3419,2022-02-10 14:00:01.999872+00:00,15.94586071,0.0034083,53.2174,6667.605004760242,289.46800476024237
51463,2022-010H,STARLINK-3419,2022-02-10 14:00:01.999872+00:00,15.94586071,0.0034083,53.2174,6667.605004760242,289.46800476024237
51463,2022-010H,STARLINK-3419,2022-02-10 17:39:04.403232+00:00,15.94445672,0.0036056,53.2154,6667.996409896049,289.8594098960493
51463,2022-010H,STARLINK-3419,2022-02-10 22:00:00.999936+00:00,15.93980108,0.0031666,53.2174,6669.294723036967,291.1577230369676
51463,2022-010H,STARLINK-3419,2022-02-11 05:41:25.310400+00:00,15.93718721,0.0031621,53.2155,6670.023927117067,291.886927117067
51463,2022-010H,STARLINK-3419,2022-02-11 13:13:08.332896+00:00,15.92952643,0.0028363,53.2158,6672.162240995335,294.0252409953355
51463,2022-010H,STARLINK-3419,2022-02-11 13:13:08.332896+00:00,15.92952643,0.0028363,53.2158,6672.162240995335,294.0252409953355
51463,2022-010H,STARLINK-3419,2022-02-11 22:00:01.999584+00:00,15.92087361,0.0022276,53.2174,6674.57952001387,296.4425200138703
51463,2022-010H,STARLINK-3419,2022-02-12 06:00:00.999648+00:00,15.91464037,0.0019015,53.2177,6676.322214778641,298.18521477864124
51463,2022-010H,STARLINK-3419,2022-02-12 14:00:01.000224+00:00,15.90817206,0.0015845,53.2176,6678.131833785295,299.99483378529567
51463,2022-010H,STARLINK-3419,2022-02-12 14:00:01.000224+00:00,15.90817206,0.0015845,53.2176,6678.131833785295,299.99483378529567
51463,2022-010H,STARLINK-3419,2022-02-12 22:00:00.999936+00:00,15.90195209,0.001391,53.2173,6679.8731324642185,301.7361324642188
51463,2022-010H,STARLINK-3419,2022-02-12 22:00:00.999936+00:00,15.90195209,0.001391,53.2173,6679.8731324642185,301.7361324642188
51463,2022-010H,STARLINK-3419,2022-02-13 12:00:00.999648+00:00,15.89108668,0.001011,53.2174,6682.917660647513,304.7806606475133
51463,2022-010H,STARLINK-3419,2022-02-13 14:00:01.000224+00:00,15.88936098,0.0009683,53.2176,6683.401527484598,305.26452748459815
51463,2022-010H,STARLINK-3419,2022-02-14 06:00:00.999648+00:00,15.87675137,0.0006171,53.2177,6686.939780083621,308.80278008362166
51463,2022-010H,STARLINK-3419,2022-02-14 14:00:01.000224+00:00,15.87061845,0.0003022,53.2175,6688.662368946128,310.52536894612786
51463,2022-010H,STARLINK-3419,2022-02-14 20:00:01.000224+00:00,15.86590362,0.0002503,53.2173,6689.98740511808,311.85040511807983
51463,2022-010H,STARLINK-3419,2022-02-14 20:00:01.000224+00:00,15.86590362,0.0002503,53.2173,6689.98740511808,311.85040511807983
51464,2022-010J,TBA - TO BE ASSIGNED,2022-02-08 18:00:00.999648+00:00,15.96613756,0.0049368,53.2172,6661.958610575115,283.8216105751153
51464,2022-010J,TBA - TO BE ASSIGNED,2022-02-08 22:00:01.999584+00:00,15.96179127,0.0046828,53.2166,6663.167893824313,285.03089382431335
51464,2022-010J,TBA - TO BE ASSIGNED,2022-02-09 06:00:00.999648+00:00,15.95674569,0.0044355,53.2175,6664.572431474351,286.4354314743514
51464,2022-010J,STARLINK-3189,2022-02-09 11:40:50.434176+00:00,15.95513847,0.004691,53.215,6665.019988617057,286.882988617057
51464,2022-010J,TBA - TO BE ASSIGNED,2022-02-09 13:11:04.474176+00:00,15.9527866,0.0044987,53.2154,6665.67504138076,287.53804138076066
51464,2022-010J,STARLINK-3189,2022-02-09 20:00:01.000224+00:00,15.9455612,0.0038766,53.2171,6667.688497509864,289.551497509864
51464,2022-010J,STARLINK-3189,2022-02-10 06:00:00.999648+00:00,15.93790687,0.0034595,53.2174,6669.823140167914,291.68614016791435
51464,2022-010J,STARLINK-3189,2022-02-10 14:00:01.999872+00:00,15.93141426,0.0031111,53.2174,6671.635141659204,293.4981416592045
51464,2022-010J,STARLINK-3189,2022-02-10 14:00:01.999872+00:00,15.93141426,0.0031111,53.2174,6671.635141659204,293.4981416592045
51464,2022-010J,STARLINK-3189,2022-02-10 17:46:31.092096+00:00,15.93037409,0.003279,53.215,6671.925553722264,293.7885537222646
51464,2022-010J,STARLINK-3189,2022-02-10 22:00:00.999936+00:00,15.92527714,0.0029072,53.2175,6673.349062480285,295.21206248028557
51464,2022-010J,STARLINK-3189,2022-02-11 05:49:32.200320+00:00,15.92478538,0.002972,53.2153,6673.486444519961,295.34944451996125
51464,2022-010J,STARLINK-3189,2022-02-11 13:21:39.422592+00:00,15.91515134,0.0024451,53.215,6676.179314530369,298.04231453036937
51464,2022-010J,STARLINK-3189,2022-02-11 13:21:39.422592+00:00,15.91515134,0.0024451,53.215,6676.179314530369,298.04231453036937
51464,2022-010J,STARLINK-3189,2022-02-11 22:00:01.999584+00:00,15.90634556,0.0019597,53.2173,6678.643050071974,300.50605007197464
51464,2022-010J,STARLINK-3189,2022-02-12 05:56:52.242432+00:00,15.90245926,0.0019094,53.2152,6679.731106244282,301.59410624428256
51464,2022-010J,STARLINK-3189,2022-02-12 14:00:01.000224+00:00,15.89378529,0.0013851,53.2176,6682.161176336728,304.0241763367285
51464,2022-010J,STARLINK-3189,2022-02-12 14:00:01.000224+00:00,15.89378529,0.0013851,53.2176,6682.161176336728,304.0241763367285
51464,2022-010J,STARLINK-3189,2022-02-12 22:00:00.999936+00:00,15.88743985,0.0011906,53.2173,6683.9402937278865,305.80329372788674
51464,2022-010J,STARLINK-3189,2022-02-12 22:00:00.999936+00:00,15.88743985,0.0011906,53.2173,6683.9402937278865,305.80329372788674
51464,2022-010J,STARLINK-3189,2022-02-13 12:00:00.999648+00:00,15.87654161,0.0008961,53.2172,6686.998678275856,308.8616782758563
51464,2022-010J,STARLINK-3189,2022-02-13 14:00:01.000224+00:00,15.87501047,0.0008612,53.2174,6687.428644042726,309.29164404272615
51464,2022-010J,STARLINK-3189,2022-02-14 06:00:00.999648+00:00,15.86184549,0.0004139,53.2173,6691.128410688142,312.9914106881424
51464,2022-010J,STARLINK-3189,2022-02-14 14:00:01.000224+00:00,15.85609659,0.0001637,53.2176,6692.745635281443,314.60863528144364
51464,2022-010J,STARLINK-3189,2022-02-14 20:00:01.000224+00:00,15.85134734,2.24e-05,53.2172,6694.082385380917,315.9453853809173
51464,2022-010J,STARLINK-3189,2022-02-14 20:00:01.000224+00:00,15.85134734,2.24e-05,53.2172,6694.082385380917,315.9453853809173
51465,2022-010K,TBA - TO BE ASSIGNED,2022-02-08 18:00:00.999648+00:00,15.96608757,0.00497,53.2172,6661.972516346153,283.8355163461529
51465,2022-010K,TBA - TO BE ASSIGNED,2022-02-08 22:00:01.999584+00:00,15.96175372,0.0047234,53.2166,6663.178343881397,285.04134388139755
51465,2022-010K,TBA - TO BE ASSIGNED,2022-02-09 06:00:00.999648+00:00,15.95669381,0.0044763,53.2175,6664.586877149815,286.4498771498156
51465,2022-010K,STARLINK-3401,2022-02-09 11:40:37.905312+00:00,15.95517924,0.0047495,53.2149,6665.00863460356,286.87163460355987
51465,2022-010K,TBA - TO BE ASSIGNED,2022-02-09 13:10:51.741408+00:00,15.9531007,0.0045914,53.215,6665.587547610099,287.4505476100994
51465,2022-010K,STARLINK-3401,2022-02-09 20:00:01.000224+00:00,15.94550741,0.0038923,53.2171,6667.703492528144,289.5664925281444
51465,2022-010K,STARLINK-3401,2022-02-10 06:00:00.999648+00:00,15.93785969,0.0035001,53.2174,6669.836303043677,291.699303043677
51465,2022-010K,STARLINK-3401,2022-02-10 14:00:01.999872+00:00,15.93136548,0.0031553,53.2174,6671.648760169455,293.51176016945556
51465,2022-010K,STARLINK-3401,2022-02-10 14:00:01.999872+00:00,15.93136548,0.0031553,53.2174,6671.648760169455,293.51176016945556
51465,2022-010K,STARLINK-3401,2022-02-10 17:46:18.786144+00:00,15.93037385,0.0033788,53.215,6671.925620733126,293.78862073312666
51465,2022-010K,STARLINK-3401,2022-02-10 22:00:00.999936+00:00,15.9252303,0.0029356,53.2175,6673.362147775797,295.22514777579727
51465,2022-010K,STARLINK-3401,2022-02-11 06:00:00.999648+00:00,15.91902012,0.0026869,53.2176,6675.0976015810475,296.96060158104774
51465,2022-010K,STARLINK-3401,2022-02-11 13:21:26.571456+00:00,15.9151759,0.0026104,53.2154,6676.172446159067,298.03544615906685
51465,2022-010K,STARLINK-3401,2022-02-11 14:00:01.000224+00:00,15.91089438,0.0022369,53.2171,6677.370069345332,299.2330693453323
51465,2022-010K,STARLINK-3401,2022-02-11 22:00:01.999584+00:00,15.90629866,0.0020059,53.2173,6678.656178129474,300.5191781294743
51465,2022-010K,STARLINK-3401,2022-02-12 05:56:40.307136+00:00,15.90557996,0.002144,53.2151,6678.857361783682,300.72036178368216
51465,2022-010K,STARLINK-3401,2022-02-12 14:00:01.000224+00:00,15.89373682,0.0014291,53.2176,6682.174761737957,304.0377617379572
51465,2022-010K,STARLINK-3401,2022-02-12 14:00:01.000224+00:00,15.89373682,0.0014291,53.2176,6682.174761737957,304.0377617379572
51465,2022-010K,STARLINK-3401,2022-02-12 22:00:00.999936+00:00,15.8873918,0.0012276,53.2173,6683.953770375418,305.81677037541795
51465,2022-010K,STARLINK-3401,2022-02-12 22:00:00.999936+00:00,15.8873918,0.0012276,53.2173,6683.953770375418,305.81677037541795
51465,2022-010K,STARLINK-3401,2022-02-13 12:00:00.999648+00:00,15.87650909,0.0009278,53.2172,6687.007809633451,308.87080963345124
51465,2022-010K,STARLINK-3401,2022-02-13 14:00:01.000224+00:00,15.87495259,0.0009001,53.2174,6687.444898921075,309.3078989210753
51465,2022-010K,STARLINK-3401,2022-02-14 12:00:02.000160+00:00,15.8574703,0.000305,53.2175,6692.359107704636,314.2221077046361
51465,2022-010K,STARLINK-3401,2022-02-14 14:00:01.000224+00:00,15.85603351,0.000267,53.2176,6692.763385753295,314.6263857532949
51465,2022-010K,STARLINK-3401,2022-02-14 20:00:01.000224+00:00,15.85131443,0.0002286,53.2172,6694.091650739785,315.9546507397854
51465,2022-010K,STARLINK-3401,2022-02-14 20:00:01.000224+00:00,15.85131443,0.0002286,53.2172,6694.091650739785,315.9546507397854
51466,2022-010L,TBA - TO BE ASSIGNED,2022-02-07 14:00:01.000224+00:00,16.08369398,0.0071965,53.2132,6629.457240428574,251.32024042857392
51466,2022-010L,TBA - TO BE ASSIGNED,2022-02-08 11:08:44.497824+00:00,16.22463551,0.0041959,53.209,6591.0085540277805,212.8715540277808
51466,2022-010L,STARLINK-3XXX,2022-02-08 11:08:52.790496+00:00,16.21472211,0.0044415,53.2042,6593.6946992760495,215.5576992760498
51467,2022-010M,TBA - TO BE ASSIGNED,2022-02-08 18:00:00.999648+00:00,15.98043261,0.0051836,53.2171,6657.985116339367,279.84811633936715
51467,2022-010M,TBA - TO BE ASSIGNED,2022-02-08 22:00:01.999584+00:00,15.97565084,0.0049416,53.2166,6659.313611635151,281.17661163515095
51467,2022-010M,TBA - TO BE ASSIGNED,2022-02-09 06:00:00.999648+00:00,15.97111186,0.004698,53.2176,6660.575267054749,282.4382670547493
51467,2022-010M,STARLINK-3178,2022-02-09 11:34:51.344544+00:00,15.96987784,0.0048647,53.2151,6660.918378727195,282.78137872719526
51467,2022-010M,TBA - TO BE ASSIGNED,2022-02-09 14:00:01.000224+00:00,15.9646971,0.0042748,53.2176,6662.359333935215,284.2223339352149
51467,2022-010M,STARLINK-3178,2022-02-09 20:00:01.000224+00:00,15.95999406,0.0040922,53.2171,6663.66809815561,285.5310981556104
51467,2022-010M,STARLINK-3178,2022-02-10 06:00:00.999648+00:00,15.95228032,0.0036445,53.2174,6665.816073678002,287.67907367800217
51467,2022-010M,STARLINK-3178,2022-02-10 14:00:01.999872+00:00,15.94583682,0.0033067,53.2174,6667.611664347761,289.47466434776106
51467,2022-010M,STARLINK-3178,2022-02-10 14:00:01.999872+00:00,15.94583682,0.0033067,53.2174,6667.611664347761,289.47466434776106
51467,2022-010M,STARLINK-3178,2022-02-10 17:38:52.870560+00:00,15.94490674,0.0035103,53.215,6667.870946807902,289.7339468079026
51467,2022-010M,STARLINK-3178,2022-02-10 22:00:00.999936+00:00,15.93977577,0.003041,53.2174,6669.301782935726,291.1647829357262
51467,2022-010M,STARLINK-3178,2022-02-11 05:41:14.173440+00:00,15.93722418,0.0030266,53.2153,6670.013612025926,291.8766120259261
51467,2022-010M,STARLINK-3178,2022-02-11 14:00:01.000224+00:00,15.92541366,0.0023443,53.2172,6673.3109244059215,295.17392440592175
51467,2022-010M,STARLINK-3178,2022-02-11 14:00:01.000224+00:00,15.92541366,0.0023443,53.2172,6673.3109244059215,295.17392440592175
51467,2022-010M,STARLINK-3178,2022-02-11 22:00:01.999584+00:00,15.92084787,0.0021127,53.2174,6674.586714087618,296.4497140876183
51467,2022-010M,STARLINK-3178,2022-02-12 06:00:00.999648+00:00,15.91303444,0.0017274,53.2171,6676.771386424493,298.63438642449364
51467,2022-010M,STARLINK-3178,2022-02-12 14:00:01.000224+00:00,15.90814433,0.0014822,53.2176,6678.1395943611815,300.00259436118176
51467,2022-010M,STARLINK-3178,2022-02-12 22:00:00.999936+00:00,15.90192601,0.0012927,53.2173,6679.8804360257955,301.74343602579575
51467,2022-010M,STARLINK-3178,2022-02-12 22:00:00.999936+00:00,15.90192601,0.0012927,53.2173,6679.8804360257955,301.74343602579575
51467,2022-010M,STARLINK-3178,2022-02-13 12:00:00.999648+00:00,15.89105294,0.000947,53.2174,6682.927120123984,304.7901201239847
51467,2022-010M,STARLINK-3178,2022-02-13 14:00:01.000224+00:00,15.8893506,0.0009103,53.2176,6683.404438184644,305.26743818464456
51467,2022-010M,STARLINK-3178,2022-02-14 06:00:00.999648+00:00,15.87597478,0.0005572,53.2173,6687.157844099627,309.02084409962754
51467,2022-010M,STARLINK-3178,2022-02-14 14:00:01.000224+00:00,15.87058457,0.0003012,53.2175,6688.671888099814,310.53488809981445
51467,2022-010M,STARLINK-3178,2022-02-14 20:00:01.000224+00:00,15.86587273,0.000191,53.2173,6689.9960884787915,311.8590884787918
51467,2022-010M,STARLINK-3178,2022-02-14 20:00:01.000224+00:00,15.86587273,0.000191,53.2173,6689.9960884787915,311.8590884787918
51468,2022-010N,TBA - TO BE ASSIGNED,2022-02-08 18:00:00.999648+00:00,15.98066,0.0052468,53.2171,6657.921958212564,279.78495821256456
51468,2022-010N,TBA - TO BE ASSIGNED,2022-02-08 22:00:01.999584+00:00,15.97657612,0.0049901,53.2166,6659.056494001197,280.91949400119756
51468,2022-010N,TBA - TO BE ASSIGNED,2022-02-09 06:00:00.999648+00:00,15.97133727,0.004749,53.2176,6660.512597962941,282.37559796294136
51468,2022-010N,STARLINK-3174,2022-02-09 11:35:34.459008+00:00,15.96999985,0.0049458,53.2148,6660.884452628517,282.74745262851684
51468,2022-010N,TBA - TO BE ASSIGNED,2022-02-09 14:00:01.000224+00:00,15.96491164,0.0043525,53.2176,6662.299646966481,284.1626469664816
51468,2022-010N,STARLINK-3174,2022-02-09 20:00:01.000224+00:00,15.9602082,0.0041568,53.2171,6663.608493207286,285.4714932072866
51468,2022-010N,STARLINK-3174,2022-02-10 06:00:00.999648+00:00,15.9525003,0.0037158,53.2174,6665.754793855094,287.61779385509453
51468,2022-010N,STARLINK-3174,2022-02-10 14:00:01.999872+00:00,15.94605158,0.0033765,53.2174,6667.5517983473665,289.41479834736674
51468,2022-010N,STARLINK-3174,2022-02-10 14:00:01.999872+00:00,15.94605158,0.0033765,53.2174,6667.5517983473665,289.41479834736674
51468,2022-010N,STARLINK-3174,2022-02-10 17:39:34.939584+00:00,15.94506829,0.0034801,53.2146,6667.825909000564,289.6889090005643
51468,2022-010N,STARLINK-3174,2022-02-10 22:00:00.999936+00:00,15.9399878,0.0031123,53.2174,6669.242640473395,291.1056404733954
51468,2022-010N,STARLINK-3174,2022-02-11 05:41:43.118304+00:00,15.94541706,0.0033911,53.2148,6667.7286795537475,289.5916795537478
51468,2022-010N,STARLINK-3174,2022-02-11 14:00:01.000224+00:00,15.92720168,0.0023939,53.2173,6672.811475437968,294.6744754379679
51468,2022-010N,STARLINK-3174,2022-02-11 14:00:01.000224+00:00,15.92720168,0.0023939,53.2173,6672.811475437968,294.6744754379679
51468,2022-010N,STARLINK-3174,2022-02-11 22:00:01.999584+00:00,15.92106055,0.0021797,53.2174,6674.527272726559,296.3902727265595
51468,2022-010N,STARLINK-3174,2022-02-12 05:47:55.051296+00:00,15.92087648,0.002355,53.2147,6674.578717878642,296.4417178786425
51468,2022-010N,STARLINK-3174,2022-02-12 14:00:01.000224+00:00,15.90836509,0.0015432,53.2176,6678.077812629863,299.9408126298631
51468,2022-010N,STARLINK-3174,2022-02-12 22:00:00.999936+00:00,15.90213986,0.0013488,53.2173,6679.820549090429,301.68354909042955
51468,2022-010N,STARLINK-3174,2022-02-12 22:00:00.999936+00:00,15.90213986,0.0013488,53.2173,6679.820549090429,301.68354909042955
51468,2022-010N,STARLINK-3174,2022-02-13 12:00:00.999648+00:00,15.89127451,0.0009811,53.2174,6682.865000516479,304.72800051647937
51468,2022-010N,STARLINK-3174,2022-02-13 14:00:01.000224+00:00,15.88956385,0.0009386,53.2176,6683.344640479355,305.2076404793552
51468,2022-010N,STARLINK-3174,2022-02-14 06:00:00.999648+00:00,15.87638097,0.0005542,53.2171,6687.043785014737,308.9067850147376
51468,2022-010N,STARLINK-3174,2022-02-14 14:00:01.000224+00:00,15.87078674,0.0003487,53.2175,6688.615085552731,310.4780855527315
51468,2022-010N,STARLINK-3174,2022-02-14 20:00:01.000224+00:00,15.86609288,0.0002541,53.2173,6689.934203633921,311.7972036339215
51468,2022-010N,STARLINK-3174,2022-02-14 20:00:01.000224+00:00,15.86609288,0.0002541,53.2173,6689.934203633921,311.7972036339215
51469,2022-010P,TBA - TO BE ASSIGNED,2022-02-08 18:00:00.999648+00:00,15.96607228,0.0049425,53.2172,6661.976769596074,283.8397695960739
51469,2022-010P,TBA - TO BE ASSIGNED,2022-02-08 22:00:01.999584+00:00,15.96174805,0.0046928,53.2166,6663.179921829663,285.0429218296631
51469,2022-010P,TBA - TO BE ASSIGNED,2022-02-09 06:00:00.999648+00:00,15.95667849,0.0044443,53.2175,6664.591142927086,286.45414292708665
51469,2022-010P,STARLINK-3182,2022-02-09 11:40:55.701120+00:00,15.95483687,0.0046813,53.2153,6665.103982526944,286.96698252694387
51469,2022-010P,TBA - TO BE ASSIGNED,2022-02-09 13:11:08.344896+00:00,15.95464071,0.0046359,53.2155,6665.158613407989,287.0216134079892
51469,2022-010P,STARLINK-3182,2022-02-09 20:00:01.000224+00:00,15.94549378,0.0038812,53.2171,6667.707292171558,289.5702921715583
51469,2022-010P,STARLINK-3182,2022-02-10 06:00:00.999648+00:00,15.93784187,0.0034628,53.2174,6669.841274710553,291.70427471055336
51469,2022-010P,STARLINK-3182,2022-02-10 14:00:01.999872+00:00,15.93134889,0.0031134,53.2174,6671.653391818852,293.51639181885184
51469,2022-010P,STARLINK-3182,2022-02-10 14:00:01.999872+00:00,15.93134889,0.0031134,53.2174,6671.653391818852,293.51639181885184
51469,2022-010P,STARLINK-3182,2022-02-10 17:46:38.061984+00:00,15.93016552,0.0031996,53.2156,6671.9837895882365,293.8467895882368
51469,2022-010P,STARLINK-3182,2022-02-10 22:00:00.999936+00:00,15.92520786,0.0029116,53.2175,6673.36841667195,295.2314166719507
51469,2022-010P,STARLINK-3182,2022-02-11 06:00:00.999648+00:00,15.91900088,0.0026638,53.2176,6675.10298001122,296.9659800112204
51469,2022-010P,STARLINK-3182,2022-02-11 14:00:01.000224+00:00,15.91252007,0.0021645,53.2174,6676.91526945416,298.7782694541602
51469,2022-010P,STARLINK-3182,2022-02-11 14:00:01.000224+00:00,15.91252007,0.0021645,53.2174,6676.91526945416,298.7782694541602
51469,2022-010P,STARLINK-3182,2022-02-11 22:00:01.999584+00:00,15.90627675,0.0019626,53.2173,6678.662311109788,300.52531110978816
51469,2022-010P,STARLINK-3182,2022-02-12 05:56:58.492608+00:00,15.90274664,0.0019273,53.2154,6679.650632644326,301.5136326443262
51469,2022-010P,STARLINK-3182,2022-02-12 14:00:01.000224+00:00,15.89371664,0.001389,53.2176,6682.18041790432,304.04341790432045
51469,2022-010P,STARLINK-3182,2022-02-12 22:00:00.999936+00:00,15.88737146,0.0011907,53.2173,6683.959475182787,305.82247518278746
51469,2022-010P,STARLINK-3182,2022-02-12 22:00:00.999936+00:00,15.88737146,0.0011907,53.2173,6683.959475182787,305.82247518278746
51469,2022-010P,STARLINK-3182,2022-02-13 12:00:00.999648+00:00,15.87647591,0.0008975,53.2172,6687.017126345929,308.88012634592906
51469,2022-010P,STARLINK-3182,2022-02-13 14:00:01.000224+00:00,15.8749428,0.000864,53.2174,6687.447648330617,309.31064833061737
51469,2022-010P,STARLINK-3182,2022-02-14 06:00:00.999648+00:00,15.86194997,0.0003169,53.2174,6691.099028429966,312.96202842996627
51469,2022-010P,STARLINK-3182,2022-02-14 14:00:01.000224+00:00,15.85601716,8.39e-05,53.2176,6692.767986600256,314.6309866002566
51469,2022-010P,STARLINK-3182,2022-02-14 20:00:01.000224+00:00,15.85127349,4.82e-05,53.2172,6694.103176879704,315.9661768797041
51469,2022-010P,STARLINK-3182,2022-02-14 20:00:01.000224+00:00,15.85127349,4.82e-05,53.2172,6694.103176879704,315.9661768797041
51470,2022-010Q,TBA - TO BE ASSIGNED,2022-02-08 02:00:01.000224+00:00,16.43043805,0.0029853,53.2464,6535.855067351205,157.71806735120572
51470,2022-010Q,TBA - TO BE ASSIGNED,2022-02-08 09:27:57.525120+00:00,16.19235339,0.0045101,53.2013,6599.765818944576,221.62881894457587
51470,2022-010Q,TBA - TO BE ASSIGNED,2022-02-08 12:25:42.566592+00:00,16.19826958,0.0047093,53.2063,6598.158740051168,220.0217400511683
51470,2022-010Q,TBA - TO BE ASSIGNED,2022-02-09 12:05:59.379936+00:00,16.22493192,0.004271,53.2079,6590.928280581801,212.7912805818014
51470,2022-010Q,TBA - TO BE ASSIGNED,2022-02-09 13:34:40.450944+00:00,16.227574,0.0041439,53.2074,6590.212863216255,212.07586321625513
51470,2022-010Q,STARLINK-3XXX,2022-02-09 13:34:40.504512+00:00,16.22755429,0.0041832,53.2073,6590.218199533605,212.0811995336053
51470,2022-010Q,STARLINK-3XXX,2022-02-09 19:29:19.413600+00:00,16.23468923,0.0040906,53.2092,6588.287179866506,210.15017986650673
51470,2022-010Q,STARLINK-3XXX,2022-02-09 19:29:19.857696+00:00,16.23496968,0.0040293,53.2057,6588.211307002943,210.074307002943
51470,2022-010Q,STARLINK-3XXX,2022-02-10 07:18:11.595168+00:00,16.25117399,0.0037695,53.2076,6583.831103747471,205.69410374747167
51470,2022-010Q,STARLINK-3XXX,2022-02-10 13:12:15.284160+00:00,16.25999408,0.0036512,53.2076,6581.449994472567,203.31299447256697
51470,2022-010Q,STARLINK-3XXX,2022-02-10 13:12:15.284160+00:00,16.25999408,0.0036512,53.2076,6581.449994472567,203.31299447256697
51470,2022-010Q,STARLINK-3XXX,2022-02-10 19:06:06.732000+00:00,16.27202872,0.0033415,53.2045,6578.204541833362,200.06754183336216
51470,2022-010Q,STARLINK-3XXX,2022-02-10 19:06:09.505440+00:00,16.26996292,0.0034906,53.2115,6578.7613538947,200.6243538947001
51470,2022-010Q,STARLINK-3XXX,2022-02-10 19:06:09.505440+00:00,16.26996292,0.0034906,53.2115,6578.7613538947,200.6243538947001
51470,2022-010Q,STARLINK-3XXX,2022-02-10 19:30:51.151392+00:00,16.27255973,0.0033851,53.2062,6578.061433375528,199.92443337552868
51470,2022-010Q,STARLINK-3XXX,2022-02-11 05:49:32.733408+00:00,16.29621647,0.0030566,53.205,6571.693772757709,193.55677275770904
51470,2022-010Q,STARLINK-3XXX,2022-02-11 09:49:36.181056+00:00,16.30826063,0.0029323,53.205,6568.4577735795965,190.3207735795968
51470,2022-010Q,STARLINK-3XXX,2022-02-11 12:46:01.087392+00:00,16.31613261,0.0027972,53.2053,6566.344898421182,188.2078984211821
51470,2022-010Q,STARLINK-3XXX,2022-02-11 12:46:01.274880+00:00,16.31625986,0.0027481,53.2048,6566.310757897901,188.17375789790094
51470,2022-010Q,STARLINK-3XXX,2022-02-11 15:42:22.510080+00:00,16.32582295,0.0026174,53.2045,6563.746299004617,185.60929900461724
51470,2022-010Q,STARLINK-3XXX,2022-02-11 18:38:38.473152+00:00,16.33448065,0.0025048,53.2041,6561.426789794062,183.28978979406202
51470,2022-010Q,STARLINK-3XXX,2022-02-11 18:38:38.473152+00:00,16.33326563,0.0025613,53.2048,6561.7521856710055,183.61518567100575
51470,2022-010Q,STARLINK-3XXX,2022-02-12 07:50:42.057888+00:00,16.38499617,0.0019231,53.2011,6547.933777423523,169.79677742352305
51470,2022-010Q,STARLINK-3XXX,2022-02-12 09:18:17.699040+00:00,16.39278136,0.0018441,53.2011,6545.860468721232,167.72346872123217
51470,2022-010Q,STARLINK-3XXX,2022-02-12 15:46:47.453088+00:00,16.4339697,0.0014994,53.2035,6534.918666316052,156.781666316052
51471,2022-010R,TBA - TO BE ASSIGNED,2022-02-08 18:00:00.999648+00:00,16.05889833,0.0049916,53.2173,6636.2796025004,258.14260250040024
51471,2022-010R,TBA - TO BE ASSIGNED,2022-02-08 22:00:01.999584+00:00,16.05520765,0.0046581,53.2166,6637.296570397314,259.1595703973144
51471,2022-010R,TBA - TO BE ASSIGNED,2022-02-09 06:00:00.999648+00:00,16.05067804,0.0044499,53.2176,6638.545238354285,260.40823835428546
51471,2022-010R,STARLINK-3165,2022-02-09 12:42:32.653440+00:00,16.0486955,0.0041474,53.2136,6639.091945739064,260.954945739064
51471,2022-010R,TBA - TO BE ASSIGNED,2022-02-09 14:00:01.000224+00:00,16.04537079,0.0040299,53.2174,6640.009024085658,261.87202408565827
51471,2022-010R,STARLINK-3165,2022-02-09 20:00:01.000224+00:00,16.04123209,0.0037444,53.217,6641.151073675047,263.01407367504726
51471,2022-010R,STARLINK-3165,2022-02-10 06:00:00.999648+00:00,16.03411926,0.0033329,53.2176,6643.114964386285,264.97796438628484
51471,2022-010R,STARLINK-3165,2022-02-10 14:00:01.999872+00:00,16.02879793,0.00299,53.2176,6644.585162024164,266.44816202416405
51471,2022-010R,STARLINK-3165,2022-02-10 14:00:01.999872+00:00,16.02879793,0.00299,53.2176,6644.585162024164,266.44816202416405
51471,2022-010R,STARLINK-3165,2022-02-10 20:00:01.999872+00:00,16.02465507,0.0027624,53.2171,6645.730330723307,267.5933307233072
51471,2022-010R,STARLINK-3165,2022-02-10 22:00:00.999936+00:00,16.02320644,0.0027054,53.2173,6646.130877239294,267.9938772392943
51471,2022-010R,STARLINK-3165,2022-02-11 06:36:03.554496+00:00,16.0209658,0.002702,53.2135,6646.750533581343,268.6135335813433
51471,2022-010R,STARLINK-3165,2022-02-11 14:00:01.000224+00:00,16.01222447,0.0020055,53.2177,6649.1693586406955,271.03235864069575
51471,2022-010R,STARLINK-3165,2022-02-11 14:00:01.000224+00:00,16.01222447,0.0020055,53.2177,6649.1693586406955,271.03235864069575
51471,2022-010R,STARLINK-3165,2022-02-11 22:00:01.999584+00:00,16.00659164,0.001763,53.2173,6650.729192869209,272.5921928692096
51471,2022-010R,STARLINK-3165,2022-02-12 06:00:00.999648+00:00,15.99896336,0.0013996,53.2165,6652.8430628986425,274.7060628986428
51471,2022-010R,STARLINK-3165,2022-02-12 14:00:01.000224+00:00,15.99568839,0.001208,53.2177,6653.751104178466,275.61410417846673
51471,2022-010R,STARLINK-3165,2022-02-12 22:00:00.999936+00:00,15.99002421,0.0010419,53.2176,6655.322326282616,277.1853262826162
51471,2022-010R,STARLINK-3165,2022-02-12 22:00:00.999936+00:00,15.99002421,0.0010419,53.2176,6655.322326282616,277.1853262826162
51471,2022-010R,STARLINK-3165,2022-02-13 04:00:01.999584+00:00,15.98593181,0.0009228,53.2178,6656.458119906824,278.3211199068246
51471,2022-010R,STARLINK-3165,2022-02-13 10:00:00.999936+00:00,15.98177164,0.0007945,53.2172,6657.613219050821,279.4762190508209
51471,2022-010R,STARLINK-3165,2022-02-13 10:00:00.999936+00:00,15.98177164,0.0007945,53.2172,6657.613219050821,279.4762190508209
51472,2022-010S,TBA - TO BE ASSIGNED,2022-02-08 18:00:00.999648+00:00,15.98066867,0.0052657,53.2172,6657.919550128573,279.78255012857335
51472,2022-010S,TBA - TO BE ASSIGNED,2022-02-08 22:00:01.999584+00:00,15.97652127,0.0050084,53.2166,6659.071735076253,280.9347350762537
51472,2022-010S,TBA - TO BE ASSIGNED,2022-02-09 06:00:00.999648+00:00,15.97127434,0.004766,53.2176,6660.530093781729,282.3930937817295
51472,2022-010S,STARLINK-3415,2022-02-09 11:35:21.016896+00:00,15.96985517,0.0049257,53.2148,6660.924682394628,282.78768239462806
51472,2022-010S,TBA - TO BE ASSIGNED,2022-02-09 14:00:01.000224+00:00,15.96485238,0.0043818,53.2176,6662.316133500919,284.1791335009193
51472,2022-010S,STARLINK-3415,2022-02-09 20:00:01.000224+00:00,15.9601454,0.0041596,53.2171,6663.625973179156,285.48897317915635
51472,2022-010S,STARLINK-3415,2022-02-10 06:00:00.999648+00:00,15.95244271,0.0037378,53.2174,6665.770836563812,287.6338365638121
51472,2022-010S,STARLINK-3415,2022-02-10 14:00:01.999872+00:00,15.94599338,0.0033977,53.2175,6667.568021911884,289.4310219118843
51472,2022-010S,STARLINK-3415,2022-02-10 14:00:01.999872+00:00,15.94599338,0.0033977,53.2175,6667.568021911884,289.4310219118843
51472,2022-010S,STARLINK-3415,2022-02-10 19:09:37.924704+00:00,15.94387328,0.003506,53.215,6668.159078528714,290.0220785287147
51472,2022-010S,STARLINK-3415,2022-02-10 20:39:54.440064+00:00,15.94286636,0.0034663,53.215,6668.439840758571,290.3028407585716
51472,2022-010S,STARLINK-3415,2022-02-11 06:00:00.999648+00:00,15.93359316,0.0029018,53.2175,6671.026902324865,292.88990232486503
51472,2022-010S,STARLINK-3415,2022-02-11 13:13:24.981312+00:00,15.93003413,0.0027055,53.2155,6672.020476295366,293.88347629536656
51472,2022-010S,STARLINK-3415,2022-02-11 13:13:24.981312+00:00,15.93003413,0.0027055,53.2155,6672.020476295366,293.88347629536656
51472,2022-010S,STARLINK-3415,2022-02-11 22:00:01.999584+00:00,15.92100205,0.0022104,53.2174,6674.543622602239,296.4066226022396
51472,2022-010S,STARLINK-3415,2022-02-12 05:47:42.391968+00:00,15.92021081,0.0023418,53.2154,6674.764772192697,296.6277721926972
51472,2022-010S,STARLINK-3415,2022-02-12 11:49:50.438496+00:00,15.8922874,0.0023789,53.2155,6682.581043950401,304.44404395040146
51472,2022-010S,STARLINK-3415,2022-02-12 22:00:00.999936+00:00,15.90208149,0.0013748,53.2173,6679.836894996138,301.699894996138
51472,2022-010S,STARLINK-3415,2022-02-12 22:00:00.999936+00:00,15.90208149,0.0013748,53.2173,6679.836894996138,301.699894996138
51472,2022-010S,STARLINK-3415,2022-02-13 12:00:00.999648+00:00,15.89121706,0.0009972,53.2174,6682.881107122684,304.744107122684
51472,2022-010S,STARLINK-3415,2022-02-13 14:00:01.000224+00:00,15.88949529,0.0009572,53.2176,6683.363865330771,305.22686533077103
51472,2022-010S,STARLINK-3415,2022-02-14 06:00:00.999648+00:00,15.87688216,0.0005917,53.2177,6686.903056414335,308.76605641433525
51472,2022-010S,STARLINK-3415,2022-02-14 14:00:01.000224+00:00,15.87071389,0.0005302,53.2175,6688.635553661038,310.4985536610384
51472,2022-010S,STARLINK-3415,2022-02-14 20:00:01.000224+00:00,15.86603677,0.0003026,53.2173,6689.949976192305,311.81297619230554
51472,2022-010S,STARLINK-3415,2022-02-14 20:00:01.000224+00:00,15.86603677,0.0003026,53.2173,6689.949976192305,311.81297619230554
