norad_id,object_id,first_date,last_date,tracking_duration_days,daily_observations,initial_altitude_km,final_altitude_km,net_altitude_change_km,minimum_altitude_km,maximum_altitude_km,mean_orbital_decay_km_day,maximum_orbital_decay_km_day,decay_days,orbit_raise_days,satellite_name,decay_date,event_outcome
51456,2022-010A,2022-02-05 00:00:00+00:00,2022-02-06 00:00:00+00:00,1,2,232.3170864040494,189.470719979945,-42.84636642410442,189.470719979945,232.3170864040494,42.84636642410442,42.84636642410442,1,0,STARLINK-3XXX,2022-02-06 00:00:00+00:00,EVENT_LOSS
51457,2022-010B,2022-02-05 00:00:00+00:00,2022-02-06 00:00:00+00:00,1,2,253.1415334914982,276.60876425796414,23.467230766465946,253.1415334914982,276.60876425796414,-23.467230766465946,0.0,0,1,STARLINK-3XXX,2022-02-08 00:00:00+00:00,EVENT_LOSS
51458,2022-010C,2022-02-05 00:00:00+00:00,2022-02-06 00:00:00+00:00,1,2,247.51225377265428,277.48753373569616,29.975279963041885,247.51225377265428,277.48753373569616,-29.975279963041885,0.0,0,1,STARLINK-3XXX,2022-02-06 00:00:00+00:00,EVENT_LOSS
51459,2022-010D,2022-02-05 00:00:00+00:00,2022-02-06 00:00:00+00:00,1,2,249.60217260712216,258.72243195231704,9.120259345194881,249.60217260712216,258.72243195231704,-9.120259345194881,0.0,0,1,STARLINK-3XXX,2022-02-07 00:00:00+00:00,EVENT_LOSS
51460,2022-010E,2022-02-08 00:00:00+00:00,2022-02-14 00:00:00+00:00,6,7,280.3290940988004,310.4652625101626,30.136168411362178,280.3290940988004,310.4652625101626,-5.02269473522703,0.0,0,6,STARLINK-3167,2024-12-24 00:00:00+00:00,SURVIVED_EVENT
51461,2022-010F,2022-02-08 00:00:00+00:00,2022-02-14 00:00:00+00:00,6,7,284.46115382369544,315.3092326569122,30.848078833216732,284.46115382369544,315.3092326569122,-5.141346472202788,0.0,0,6,STARLINK-3181,,SURVIVED_EVENT
51462,2022-010G,2022-02-08 00:00:00+00:00,2022-02-14 00:00:00+00:00,6,7,284.47554767888823,315.3272916726346,30.851743993746368,284.47554767888823,315.3272916726346,-5.141957332291061,0.0,0,6,STARLINK-3166,,SURVIVED_EVENT
51463,2022-010H,2022-02-08 00:00:00+00:00,2022-02-14 00:00:00+00:00,6,7,280.3894876163545,311.18788703210384,30.798399415749373,280.3894876163545,311.18788703210384,-5.133066569291562,0.0,0,6,STARLINK-3419,,SURVIVED_EVENT
51464,2022-010J,2022-02-08 00:00:00+00:00,2022-02-14 00:00:00+00:00,6,7,284.4262521997143,315.27701033118046,30.850758131466137,284.4262521997143,315.27701033118046,-5.141793021911023,0.0,0,6,STARLINK-3189,,SURVIVED_EVENT
51465,2022-010K,2022-02-08 00:00:00+00:00,2022-02-14 00:00:00+00:00,6,7,284.4384301137752,315.29051824654016,30.852088132764948,284.4384301137752,315.29051824654016,-5.142014688794158,0.0,0,6,STARLINK-3401,,SURVIVED_EVENT
51466,2022-010L,2022-02-07 00:00:00+00:00,2022-02-08 00:00:00+00:00,1,2,251.32024042857392,214.2146266519153,-37.10561377665863,214.2146266519153,251.32024042857392,37.10561377665863,37.10561377665863,1,0,STARLINK-3XXX,2022-02-09 00:00:00+00:00,EVENT_LOSS
51467,2022-010M,2022-02-08 00:00:00+00:00,2022-02-14 00:00:00+00:00,6,7,280.51236398725905,311.19698828930314,30.684624302044085,280.51236398725905,311.19698828930314,-5.114104050340681,0.0,0,6,STARLINK-3178,,SURVIVED_EVENT
51468,2022-010N,2022-02-08 00:00:00+00:00,2022-02-14 00:00:00+00:00,6,7,280.35222610688106,311.1376445933265,30.78541848644545,280.35222610688106,311.1376445933265,-5.1309030810742415,0.0,0,6,STARLINK-3174,,SURVIVED_EVENT
51469,2022-010P,2022-02-08 00:00:00+00:00,2022-02-14 00:00:00+00:00,6,7,284.4413457128685,315.29858173998036,30.857236027111867,284.4413457128685,315.29858173998036,-5.142872671185311,0.0,0,6,STARLINK-3182,,SURVIVED_EVENT
51470,2022-010Q,2022-02-08 00:00:00+00:00,2022-02-12 00:00:00+00:00,4,5,220.0217400511683,167.72346872123217,-52.29827132993614,167.72346872123217,220.0217400511683,13.074567832484036,20.450289176668775,4,0,STARLINK-3XXX,2022-02-12 00:00:00+00:00,EVENT_LOSS
51471,2022-010R,2022-02-08 00:00:00+00:00,2022-02-13 00:00:00+00:00,5,6,258.6510864488573,279.4762190508209,20.82513260196356,258.6510864488573,279.4762190508209,-4.165026520392712,0.0,0,5,STARLINK-3165,2023-10-17 00:00:00+00:00,SURVIVED_EVENT
51472,2022-010S,2022-02-08 00:00:00+00:00,2022-02-14 00:00:00+00:00,6,7,280.3586426024135,311.15576492667196,30.797122324258453,280.3586426024135,311.15576492667196,-5.132853720709742,0.0,0,6,STARLINK-3415,,SURVIVED_EVENT
